"kind"	"id"	"levelreq"	"name"
"prefix"	"0"	"0"	""
"prefix"	"1"	"3"	"Sturdy"
"prefix"	"2"	"6"	"Strong"
"prefix"	"3"	"14"	"Glorious"
"prefix"	"4"	"18"	"Blessed"
"prefix"	"5"	"23"	"Saintly"
"prefix"	"6"	"27"	"Holy"
"prefix"	"7"	"5"	"Devious"
"prefix"	"8"	"10"	"Fortified"
"prefix"	"9"	"0"	""
"prefix"	"10"	"0"	""
"prefix"	"11"	"0"	""
"prefix"	"12"	"1"	"Jagged"
"prefix"	"13"	"3"	"Deadly"
"prefix"	"14"	"6"	"Vicious"
"prefix"	"15"	"10"	"Brutal"
"prefix"	"16"	"15"	"Massive"
"prefix"	"17"	"19"	"Savage"
"prefix"	"18"	"24"	"Merciless"
"prefix"	"19"	"6"	"Vulpine"
"prefix"	"20"	"0"	""
"prefix"	"21"	"0"	""
"prefix"	"22"	"0"	""
"prefix"	"23"	"0"	""
"prefix"	"24"	"10"	"Tireless"
"prefix"	"25"	"10"	"Rugged"
"prefix"	"26"	"1"	"Bronze"
"prefix"	"27"	"3"	"Iron"
"prefix"	"28"	"6"	"Steel"
"prefix"	"29"	"9"	"Silver"
"prefix"	"30"	"0"	""
"prefix"	"31"	"12"	"Gold"
"prefix"	"32"	"16"	"Platinum"
"prefix"	"33"	"20"	"Meteoric"
"prefix"	"34"	"3"	"Sharp"
"prefix"	"35"	"6"	"Fine"
"prefix"	"36"	"11"	"Warrior's"
"prefix"	"37"	"15"	"Soldier's"
"prefix"	"38"	"18"	"Knight's"
"prefix"	"39"	"22"	"Lord's"
"prefix"	"40"	"26"	"King's"
"prefix"	"41"	"12"	"Howling"
"prefix"	"42"	"3"	"Fortuitous"
"prefix"	"43"	"0"	""
"prefix"	"44"	"0"	""
"prefix"	"45"	"0"	""
"prefix"	"46"	"0"	""
"prefix"	"47"	"0"	""
"prefix"	"48"	"1"	"Glimmering"
"prefix"	"49"	"4"	"Glowing"
"prefix"	"50"	"0"	""
"prefix"	"51"	"0"	""
"prefix"	"52"	"2"	"Lizard's"
"prefix"	"53"	"0"	""
"prefix"	"54"	"4"	"Snake's"
"prefix"	"55"	"10"	"Serpent's"
"prefix"	"56"	"27"	"Serpent's"
"prefix"	"57"	"15"	"Drake's"
"prefix"	"58"	"18"	"Dragon's"
"prefix"	"59"	"39"	"Dragon's"
"prefix"	"60"	"22"	"Wyrm's"
"prefix"	"61"	"0"	""
"prefix"	"62"	"0"	""
"prefix"	"63"	"20"	"Prismatic"
"prefix"	"64"	"46"	"Prismatic"
"prefix"	"65"	"3"	"Azure"
"prefix"	"66"	"9"	"Lapis"
"prefix"	"67"	"26"	"Lapis"
"prefix"	"68"	"13"	"Cobalt"
"prefix"	"69"	"41"	"Cobalt"
"prefix"	"70"	"0"	""
"prefix"	"71"	"18"	"Sapphire"
"prefix"	"72"	"0"	""
"prefix"	"73"	"0"	""
"prefix"	"74"	"3"	"Crimson"
"prefix"	"75"	"9"	"Burgundy"
"prefix"	"76"	"26"	"Burgundy"
"prefix"	"77"	"13"	"Garnet"
"prefix"	"78"	"41"	"Garnet"
"prefix"	"79"	"0"	""
"prefix"	"80"	"18"	"Ruby"
"prefix"	"81"	"0"	""
"prefix"	"82"	"0"	""
"prefix"	"83"	"3"	"Ocher"
"prefix"	"84"	"9"	"Tangerine"
"prefix"	"85"	"26"	"Tangerine"
"prefix"	"86"	"13"	"Coral"
"prefix"	"87"	"41"	"Coral"
"prefix"	"88"	"0"	""
"prefix"	"89"	"18"	"Amber"
"prefix"	"90"	"0"	""
"prefix"	"91"	"0"	""
"prefix"	"92"	"3"	"Beryl"
"prefix"	"93"	"9"	"Jade"
"prefix"	"94"	"26"	"Jade"
"prefix"	"95"	"13"	"Viridian"
"prefix"	"96"	"41"	"Viridian"
"prefix"	"97"	"0"	""
"prefix"	"98"	"18"	"Emerald"
"prefix"	"99"	"0"	""
"prefix"	"100"	"22"	"Fletcher's"
"prefix"	"101"	"30"	"Archer's"
"prefix"	"102"	"67"	"Archer's"
"prefix"	"103"	"22"	"Monk's"
"prefix"	"104"	"30"	"Priest's"
"prefix"	"105"	"67"	"Priest's"
"prefix"	"106"	"22"	"Summoner's"
"prefix"	"107"	"30"	"Necromancer's"
"prefix"	"108"	"67"	"Necromancer's"
"prefix"	"109"	"22"	"Angel's"
"prefix"	"110"	"30"	"Arch-Angel's"
"prefix"	"111"	"67"	"Arch-Angel's"
"prefix"	"112"	"22"	"Slayer's"
"prefix"	"113"	"30"	"Berserker's"
"prefix"	"114"	"67"	"Berserker's"
"prefix"	"115"	"0"	""
"prefix"	"116"	"0"	""
"prefix"	"117"	"2"	"Triumphant"
"prefix"	"119"	"1"	"Stout"
"prefix"	"120"	"5"	"Stout"
"prefix"	"121"	"9"	"Stout"
"prefix"	"122"	"12"	"Burly"
"prefix"	"123"	"16"	"Burly"
"prefix"	"124"	"20"	"Burly"
"prefix"	"125"	"24"	"Stalwart"
"prefix"	"126"	"29"	"Stalwart"
"prefix"	"127"	"34"	"Stalwart"
"prefix"	"128"	"1"	"Stout"
"prefix"	"129"	"10"	"Stout"
"prefix"	"130"	"15"	"Stout"
"prefix"	"131"	"19"	"Burly"
"prefix"	"132"	"24"	"Burly"
"prefix"	"133"	"30"	"Stalwart"
"prefix"	"134"	"37"	"Stalwart"
"prefix"	"135"	"1"	"Stout"
"prefix"	"136"	"15"	"Stout"
"prefix"	"137"	"28"	"Burly"
"prefix"	"138"	"40"	"Stalwart"
"prefix"	"139"	"1"	"Blanched"
"prefix"	"140"	"12"	"Eburin"
"prefix"	"141"	"24"	"Bone"
"prefix"	"142"	"56"	"Ivory"
"prefix"	"143"	"1"	"Sturdy"
"prefix"	"144"	"3"	"Sturdy"
"prefix"	"145"	"6"	"Strong"
"prefix"	"146"	"14"	"Glorious"
"prefix"	"147"	"18"	"Blessed"
"prefix"	"148"	"23"	"Saintly"
"prefix"	"149"	"27"	"Holy"
"prefix"	"150"	"38"	"Godly"
"prefix"	"151"	"5"	"Devious"
"prefix"	"152"	"10"	"Blank"
"prefix"	"153"	"16"	""
"prefix"	"154"	"21"	"Antimagic"
"prefix"	"155"	"3"	"Red"
"prefix"	"156"	"12"	"Red"
"prefix"	"157"	"21"	"Sanguinary"
"prefix"	"158"	"32"	"Sanguinary"
"prefix"	"159"	"46"	"Bloody"
"prefix"	"160"	"8"	"Red"
"prefix"	"161"	"25"	"Sanguinary"
"prefix"	"162"	"47"	"Bloody"
"prefix"	"163"	"16"	"Red"
"prefix"	"164"	"33"	"Sanguinary"
"prefix"	"165"	"50"	"Bloody"
"prefix"	"166"	"6"	"Scarlet"
"prefix"	"167"	"30"	"Crimson"
"prefix"	"168"	"2"	"Jagged"
"prefix"	"169"	"7"	"Jagged"
"prefix"	"170"	"12"	"Jagged"
"prefix"	"171"	"18"	"Forked"
"prefix"	"172"	"24"	"Forked"
"prefix"	"173"	"31"	"Serrated"
"prefix"	"174"	"39"	"Serrated"
"prefix"	"175"	"7"	"Jagged"
"prefix"	"176"	"15"	"Jagged"
"prefix"	"177"	"22"	"Forked"
"prefix"	"178"	"32"	"Forked"
"prefix"	"179"	"42"	"Serrated"
"prefix"	"180"	"17"	"Jagged"
"prefix"	"181"	"30"	"Forked"
"prefix"	"182"	"45"	"Serrated"
"prefix"	"183"	"9"	"Carbuncle"
"prefix"	"184"	"27"	"Carmine"
"prefix"	"185"	"50"	"Vermillion"
"prefix"	"186"	"1"	"Jagged"
"prefix"	"187"	"3"	"Deadly"
"prefix"	"188"	"6"	"Vicious"
"prefix"	"189"	"10"	"Brutal"
"prefix"	"190"	"15"	"Massive"
"prefix"	"191"	"19"	"Savage"
"prefix"	"192"	"24"	"Merciless"
"prefix"	"193"	"33"	"Ferocious"
"prefix"	"194"	"43"	"Cruel"
"prefix"	"195"	"1"	"Cinnabar"
"prefix"	"196"	"9"	"Rusty"
"prefix"	"197"	"37"	"Realgar"
"prefix"	"198"	"58"	"Ruby"
"prefix"	"199"	"6"	"Vulpine"
"prefix"	"200"	"5"	"Dun"
"prefix"	"201"	"4"	"Tireless"
"prefix"	"202"	"10"	"Tireless"
"prefix"	"203"	"31"	"Brown"
"prefix"	"204"	"1"	"Rugged"
"prefix"	"205"	"5"	"Rugged"
"prefix"	"206"	"15"	"Rugged"
"prefix"	"207"	"0"	"Rugged"
"prefix"	"208"	"5"	"Rugged"
"prefix"	"209"	"15"	"Rugged"
"prefix"	"210"	"0"	"Rugged"
"prefix"	"211"	"15"	"Rugged"
"prefix"	"212"	"1"	"Rugged"
"prefix"	"213"	"6"	"Rugged"
"prefix"	"214"	"6"	"Rugged"
"prefix"	"215"	"12"	"Vigorous"
"prefix"	"216"	"1"	"Chestnut"
"prefix"	"217"	"12"	"Maroon"
"prefix"	"218"	"1"	"Bronze"
"prefix"	"219"	"5"	"Bronze"
"prefix"	"220"	"9"	"Bronze"
"prefix"	"221"	"14"	"Iron"
"prefix"	"222"	"18"	"Iron"
"prefix"	"223"	"23"	"Iron"
"prefix"	"224"	"29"	"Steel"
"prefix"	"225"	"35"	"Steel"
"prefix"	"226"	"41"	"Steel"
"prefix"	"227"	"1"	"Bronze"
"prefix"	"228"	"5"	"Bronze"
"prefix"	"229"	"12"	"Bronze"
"prefix"	"230"	"18"	"Iron"
"prefix"	"231"	"26"	"Iron"
"prefix"	"232"	"36"	"Steel"
"prefix"	"233"	"44"	"Steel"
"prefix"	"234"	"1"	"Bronze"
"prefix"	"235"	"15"	"Bronze"
"prefix"	"236"	"31"	"Iron"
"prefix"	"237"	"49"	"Steel"
"prefix"	"238"	"1"	"Bronze"
"prefix"	"239"	"3"	"Iron"
"prefix"	"240"	"6"	"Steel"
"prefix"	"241"	"9"	"Silver"
"prefix"	"242"	"12"	"Gold"
"prefix"	"243"	"16"	"Platinum"
"prefix"	"244"	"20"	"Meteoric"
"prefix"	"245"	"24"	"Strange"
"prefix"	"246"	"27"	"Weird"
"prefix"	"247"	"1"	"Nickel"
"prefix"	"248"	"6"	"Tin"
"prefix"	"249"	"18"	"Silver"
"prefix"	"250"	"36"	"Argent"
"prefix"	"251"	"11"	"Fine"
"prefix"	"252"	"16"	"Fine"
"prefix"	"253"	"21"	"Sharp"
"prefix"	"254"	"14"	"Fine"
"prefix"	"255"	"21"	"Sharp"
"prefix"	"256"	"21"	"Fine"
"prefix"	"257"	"3"	"Sharp"
"prefix"	"258"	"9"	"Fine"
"prefix"	"259"	"13"	"Warrior's"
"prefix"	"260"	"19"	"Soldier's"
"prefix"	"261"	"30"	"Knight's"
"prefix"	"262"	"39"	"Lord's"
"prefix"	"263"	"48"	"King's"
"prefix"	"264"	"48"	"Master's"
"prefix"	"265"	"61"	"Grandmaster's"
"prefix"	"266"	"1"	"Glimmering"
"prefix"	"267"	"4"	"Glowing"
"prefix"	"268"	"1"	"Bright"
"prefix"	"269"	"7"	"Screaming"
"prefix"	"270"	"12"	"Howling"
"prefix"	"271"	"13"	"Wailing"
"prefix"	"272"	"7"	"Screaming"
"prefix"	"273"	"12"	"Howling"
"prefix"	"274"	"18"	"Wailing"
"prefix"	"275"	"0"	"Lucky"
"prefix"	"276"	"0"	"Lucky"
"prefix"	"277"	"0"	"Lucky"
"prefix"	"278"	"0"	"Lucky"
"prefix"	"279"	"0"	"Lucky"
"prefix"	"280"	"0"	"Lucky"
"prefix"	"281"	"3"	"Felicitous"
"prefix"	"282"	"8"	"Fortuitous"
"prefix"	"283"	"12"	"Emerald"
"prefix"	"284"	"1"	"Lizard's"
"prefix"	"285"	"5"	"Lizard's"
"prefix"	"286"	"9"	"Lizard's"
"prefix"	"287"	"14"	"Snake's"
"prefix"	"288"	"18"	"Snake's"
"prefix"	"289"	"23"	"Snake's"
"prefix"	"290"	"29"	"Serpent's"
"prefix"	"291"	"35"	"Serpent's"
"prefix"	"292"	"41"	"Serpent's"
"prefix"	"293"	"1"	"Lizard's"
"prefix"	"294"	"6"	"Lizard's"
"prefix"	"295"	"12"	"Lizard's"
"prefix"	"296"	"18"	"Snake's"
"prefix"	"297"	"25"	"Snake's"
"prefix"	"298"	"33"	"Serpent's"
"prefix"	"299"	"41"	"Serpent's"
"prefix"	"300"	"12"	"Lizard's"
"prefix"	"301"	"12"	"Lizard's"
"prefix"	"302"	"24"	"Snake's"
"prefix"	"303"	"40"	"Serpent's"
"prefix"	"304"	"2"	"Lizard's"
"prefix"	"305"	"4"	"Snake's"
"prefix"	"306"	"10"	"Serpent's"
"prefix"	"307"	"27"	"Serpent's"
"prefix"	"308"	"15"	"Drake's"
"prefix"	"309"	"18"	"Dragon's"
"prefix"	"310"	"39"	"Dragon's"
"prefix"	"311"	"22"	"Wyrm's"
"prefix"	"312"	"29"	"Great Wyrm's"
"prefix"	"313"	"37"	"Bahamut's"
"prefix"	"314"	"2"	"Zircon"
"prefix"	"315"	"12"	"Jacinth"
"prefix"	"316"	"21"	"Turquoise"
"prefix"	"317"	"6"	"Shimmering"
"prefix"	"318"	"10"	"Shimmering"
"prefix"	"319"	"27"	"Shimmering"
"prefix"	"320"	"12"	"Shimmering"
"prefix"	"321"	"26"	"Shimmering"
"prefix"	"322"	"25"	"Shimmering"
"prefix"	"323"	"4"	"Shimmering"
"prefix"	"324"	"13"	"Rainbow"
"prefix"	"325"	"21"	"Scintillating"
"prefix"	"326"	"31"	"Prismatic"
"prefix"	"327"	"42"	"Chromatic"
"prefix"	"328"	"6"	"Shimmering"
"prefix"	"329"	"15"	"Rainbow"
"prefix"	"330"	"25"	"Scintillating"
"prefix"	"331"	"31"	"Prismatic"
"prefix"	"332"	"41"	"Chromatic"
"prefix"	"333"	"37"	"Shimmering"
"prefix"	"334"	"48"	"Rainbow"
"prefix"	"335"	"59"	"Scintillating"
"prefix"	"336"	"12"	"Shimmering"
"prefix"	"337"	"26"	"Scintillating"
"prefix"	"338"	"1"	"Azure"
"prefix"	"339"	"7"	"Lapis"
"prefix"	"340"	"15"	"Cobalt"
"prefix"	"341"	"22"	"Sapphire"
"prefix"	"342"	"1"	"Azure"
"prefix"	"343"	"12"	"Lapis"
"prefix"	"344"	"18"	"Cobalt"
"prefix"	"345"	"27"	"Sapphire"
"prefix"	"346"	"1"	"Azure"
"prefix"	"347"	"10"	"Lapis"
"prefix"	"348"	"20"	"Cobalt"
"prefix"	"349"	"32"	"Sapphire"
"prefix"	"350"	"3"	"Azure"
"prefix"	"351"	"9"	"Lapis"
"prefix"	"352"	"26"	"Lapis"
"prefix"	"353"	"13"	"Cobalt"
"prefix"	"354"	"41"	"Cobalt"
"prefix"	"355"	"18"	"Sapphire"
"prefix"	"356"	"1"	"Lapis Lazuli"
"prefix"	"357"	"14"	"Sapphire"
"prefix"	"358"	"1"	"Crimson"
"prefix"	"359"	"7"	"Russet"
"prefix"	"360"	"15"	"Garnet"
"prefix"	"361"	"22"	"Ruby"
"prefix"	"362"	"1"	"Crimson"
"prefix"	"363"	"12"	"Russet"
"prefix"	"364"	"18"	"Garnet"
"prefix"	"365"	"27"	"Ruby"
"prefix"	"366"	"1"	"Crimson"
"prefix"	"367"	"10"	"Russet"
"prefix"	"368"	"20"	"Garnet"
"prefix"	"369"	"32"	"Ruby"
"prefix"	"370"	"9"	"Russet"
"prefix"	"371"	"26"	"Russet"
"prefix"	"372"	"13"	"Garnet"
"prefix"	"373"	"41"	"Garnet"
"prefix"	"374"	"18"	"Ruby"
"prefix"	"375"	"1"	"Garnet"
"prefix"	"376"	"13"	"Ruby"
"prefix"	"377"	"1"	"Tangerine"
"prefix"	"378"	"7"	"Ocher"
"prefix"	"379"	"15"	"Coral"
"prefix"	"380"	"22"	"Amber"
"prefix"	"381"	"1"	"Tangerine"
"prefix"	"382"	"12"	"Ocher"
"prefix"	"383"	"18"	"Coral"
"prefix"	"384"	"27"	"Amber"
"prefix"	"385"	"1"	"Tangerine"
"prefix"	"386"	"10"	"Ocher"
"prefix"	"387"	"20"	"Coral"
"prefix"	"388"	"32"	"Amber"
"prefix"	"389"	"3"	"Tangerine"
"prefix"	"390"	"9"	"Ocher"
"prefix"	"391"	"26"	"Ocher"
"prefix"	"392"	"13"	"Coral"
"prefix"	"393"	"41"	"Coral"
"prefix"	"394"	"18"	"Amber"
"prefix"	"395"	"1"	"Camphor"
"prefix"	"396"	"14"	"Ambergris"
"prefix"	"397"	"1"	"Beryl"
"prefix"	"398"	"7"	"Viridian"
"prefix"	"399"	"15"	"Jade"
"prefix"	"400"	"22"	"Emerald"
"prefix"	"401"	"1"	"Beryl"
"prefix"	"402"	"12"	"Viridian"
"prefix"	"403"	"18"	"Jade"
"prefix"	"404"	"27"	"Emerald"
"prefix"	"405"	"1"	"Beryl"
"prefix"	"406"	"10"	"Viridian"
"prefix"	"407"	"20"	"Jade"
"prefix"	"408"	"32"	"Emerald"
"prefix"	"409"	"3"	"Beryl"
"prefix"	"410"	"9"	"Viridian"
"prefix"	"411"	"26"	"Viridian"
"prefix"	"412"	"13"	"Jade"
"prefix"	"413"	"41"	"Jade"
"prefix"	"414"	"18"	"Emerald"
"prefix"	"415"	"1"	"Beryl"
"prefix"	"416"	"14"	"Jade"
"prefix"	"417"	"2"	"Triumphant"
"prefix"	"418"	"12"	"Victorious"
"prefix"	"419"	"16"	"Aureolin"
"prefix"	"420"	"7"	"Mechanist's"
"prefix"	"421"	"25"	"Artificer's"
"prefix"	"422"	"47"	"Jeweler's"
"prefix"	"423"	"1"	"Assamic"
"prefix"	"424"	"11"	"Arcadian"
"prefix"	"425"	"18"	"Unearthly"
"prefix"	"426"	"26"	"Astral"
"prefix"	"427"	"33"	"Elysian"
"prefix"	"428"	"41"	"Celestial"
"prefix"	"429"	"19"	"Diamond"
"prefix"	"430"	"42"	"Fletcher's"
"prefix"	"431"	"42"	"Acrobat's"
"prefix"	"432"	"42"	"Harpoonist's"
"prefix"	"433"	"15"	"Fletcher's"
"prefix"	"434"	"30"	"Bowyer's"
"prefix"	"435"	"45"	"Archer's"
"prefix"	"436"	"15"	"Acrobat's"
"prefix"	"437"	"30"	"Gymnast's"
"prefix"	"438"	"45"	"Athlete's"
"prefix"	"439"	"15"	"Harpoonist's"
"prefix"	"440"	"30"	"Spearmaiden's"
"prefix"	"441"	"45"	"Lancer's"
"prefix"	"442"	"42"	"Burning"
"prefix"	"443"	"42"	"Sparking"
"prefix"	"444"	"42"	"Chilling"
"prefix"	"445"	"15"	"Burning"
"prefix"	"446"	"30"	"Blazing"
"prefix"	"447"	"45"	"Volcanic"
"prefix"	"448"	"15"	"Sparking"
"prefix"	"449"	"30"	"Charged"
"prefix"	"450"	"45"	"Powered"
"prefix"	"451"	"15"	"Chilling"
"prefix"	"452"	"30"	"Freezing"
"prefix"	"453"	"45"	"Glacial"
"prefix"	"454"	"42"	"Hexing"
"prefix"	"455"	"42"	"Fungal"
"prefix"	"456"	"42"	"Graverobber's"
"prefix"	"457"	"15"	"Hexing"
"prefix"	"458"	"30"	"Blighting"
"prefix"	"459"	"45"	"Accursed"
"prefix"	"460"	"15"	"Fungal"
"prefix"	"461"	"30"	"Noxious"
"prefix"	"462"	"45"	"Venomous"
"prefix"	"463"	"15"	"Graverobber's"
"prefix"	"464"	"30"	"Vodoun"
"prefix"	"465"	"45"	"Golemlord's"
"prefix"	"466"	"42"	"Lion Branded"
"prefix"	"467"	"42"	"Captain's"
"prefix"	"468"	"42"	"Preserver's"
"prefix"	"469"	"15"	"Lion Branded"
"prefix"	"470"	"30"	"Hawk Branded"
"prefix"	"471"	"45"	"Rose Branded"
"prefix"	"472"	"15"	"Captain's"
"prefix"	"473"	"30"	"Commander's"
"prefix"	"474"	"45"	"Marshal's"
"prefix"	"475"	"15"	"Preserver's"
"prefix"	"476"	"30"	"Warder's"
"prefix"	"477"	"45"	"Guardian's"
"prefix"	"478"	"42"	"Expert's"
"prefix"	"479"	"42"	"Fanatic"
"prefix"	"480"	"42"	"Sounding"
"prefix"	"481"	"15"	"Expert's"
"prefix"	"482"	"30"	"Veteran's"
"prefix"	"483"	"45"	"Master's"
"prefix"	"484"	"15"	"Fanatic"
"prefix"	"485"	"30"	"Raging"
"prefix"	"486"	"45"	"Furious"
"prefix"	"487"	"15"	"Sounding"
"prefix"	"488"	"30"	"Resonant"
"prefix"	"489"	"45"	"Echoing"
"prefix"	"490"	"42"	"Trainer's"
"prefix"	"491"	"42"	"Spiritual"
"prefix"	"492"	"42"	"Nature's"
"prefix"	"493"	"15"	"Trainer's"
"prefix"	"494"	"30"	"Caretaker's"
"prefix"	"495"	"45"	"Keeper's"
"prefix"	"496"	"15"	"Spiritual"
"prefix"	"497"	"30"	"Feral"
"prefix"	"498"	"45"	"Communal"
"prefix"	"499"	"15"	"Nature's"
"prefix"	"500"	"30"	"Terra's"
"prefix"	"501"	"45"	"Gaea's"
"prefix"	"502"	"42"	"Entrapping"
"prefix"	"503"	"42"	"Mentalist's"
"prefix"	"504"	"42"	"Shogukusha's"
"prefix"	"505"	"15"	"Entrapping"
"prefix"	"506"	"30"	"Trickster's"
"prefix"	"507"	"45"	"Cunning"
"prefix"	"508"	"15"	"Mentalist's"
"prefix"	"509"	"30"	"Psychic"
"prefix"	"510"	"45"	"Shadow"
"prefix"	"511"	"15"	"Shogukusha's"
"prefix"	"512"	"30"	"Sensei's"
"prefix"	"513"	"45"	"Kenshi's"
"prefix"	"514"	"1"	"Miocene"
"prefix"	"515"	"1"	"Miocene"
"prefix"	"516"	"7"	"Oligocene"
"prefix"	"517"	"7"	"Oligocene"
"prefix"	"518"	"15"	"Eocene"
"prefix"	"519"	"15"	"Eocene"
"prefix"	"520"	"22"	"Paleocene"
"prefix"	"521"	"22"	"Paleocene"
"prefix"	"522"	"1"	"Knave's"
"prefix"	"523"	"7"	"Jack's"
"prefix"	"524"	"15"	"Jester's"
"prefix"	"525"	"26"	"Joker's"
"prefix"	"526"	"37"	"Trump"
"prefix"	"527"	"1"	"Loud"
"prefix"	"528"	"7"	"Calling"
"prefix"	"529"	"15"	"Yelling"
"prefix"	"530"	"26"	"Shouting"
"prefix"	"531"	"37"	"Gritty"
"prefix"	"532"	"18"	"Paradox"
"prefix"	"533"	"18"	"Paradox"
"prefix"	"534"	"1"	"Robineye"
"prefix"	"535"	"7"	"Sparroweye"
"prefix"	"536"	"15"	"Falconeye"
"prefix"	"537"	"26"	"Hawkeye"
"prefix"	"538"	"37"	"Eagleeye"
"prefix"	"539"	"18"	"Visionary"
"prefix"	"540"	"18"	"Mnemonic"
"prefix"	"541"	"18"	"Snowflake"
"prefix"	"542"	"26"	"Shivering"
"prefix"	"543"	"40"	"Boreal"
"prefix"	"544"	"60"	"Hibernal"
"prefix"	"545"	"18"	"Ember"
"prefix"	"546"	"26"	"Smoldering"
"prefix"	"547"	"37"	"Smoking"
"prefix"	"548"	"51"	"Flaming"
"prefix"	"549"	"67"	"Scorching"
"prefix"	"550"	"18"	"Static"
"prefix"	"551"	"25"	"Glowing"
"prefix"	"552"	"36"	"Buzzing"
"prefix"	"553"	"50"	"Arcing"
"prefix"	"554"	"66"	"Shocking"
"prefix"	"555"	"1"	"Septic"
"prefix"	"556"	"7"	"Envenomed"
"prefix"	"557"	"15"	"Corosive"
"prefix"	"558"	"26"	"Toxic"
"prefix"	"559"	"37"	"Pestilent"
"prefix"	"560"	"27"	"Maiden's"
"prefix"	"561"	"67"	"Valkyrie's"
"prefix"	"562"	"22"	"Maiden's"
"prefix"	"563"	"42"	"Valkyrie's"
"prefix"	"564"	"27"	"Monk's"
"prefix"	"565"	"67"	"Priest's"
"prefix"	"566"	"22"	"Monk's"
"prefix"	"567"	"42"	"Priest's"
"prefix"	"568"	"27"	"Monk's"
"prefix"	"569"	"58"	"Priest's"
"prefix"	"570"	"27"	"Summoner's"
"prefix"	"571"	"67"	"Necromancer's"
"prefix"	"572"	"22"	"Summoner's"
"prefix"	"573"	"42"	"Necromancer's"
"prefix"	"574"	"27"	"Angel's"
"prefix"	"575"	"67"	"Arch-Angel's"
"prefix"	"576"	"22"	"Angel's"
"prefix"	"577"	"42"	"Arch-Angel's"
"prefix"	"578"	"27"	"Slayer's"
"prefix"	"579"	"67"	"Berserker's"
"prefix"	"580"	"22"	"Slayer's"
"prefix"	"581"	"42"	"Berserker's"
"prefix"	"582"	"22"	"Slayer's"
"prefix"	"583"	"42"	"Berserker's"
"prefix"	"584"	"27"	"Shaman's"
"prefix"	"585"	"67"	"Hierophant's"
"prefix"	"586"	"22"	"Shaman's"
"prefix"	"587"	"42"	"Hierophant's"
"prefix"	"588"	"27"	"Magekiller's"
"prefix"	"589"	"67"	"Witch-hunter's"
"prefix"	"590"	"22"	"Magekiller's"
"prefix"	"591"	"42"	"Witch-hunter's"
"prefix"	"592"	"1"	"Compact"
"prefix"	"593"	"12"	"Thin"
"prefix"	"594"	"30"	"Dense"
"prefix"	"595"	"1"	"Consecrated"
"prefix"	"596"	"11"	"Pure"
"prefix"	"597"	"18"	"Sacred"
"prefix"	"598"	"27"	"Hallowed"
"prefix"	"599"	"37"	"Divine"
"prefix"	"600"	"13"	"Pearl"
"prefix"	"601"	"3"	"Crimson"
"prefix"	"602"	"11"	"Red"
"prefix"	"603"	"37"	"Sanguinary"
"prefix"	"604"	"67"	"Bloody"
"prefix"	"605"	"22"	"Red"
"prefix"	"606"	"52"	"Sanguinary"
"prefix"	"607"	"82"	"Red"
"prefix"	"608"	"5"	"Jagged"
"prefix"	"609"	"29"	"Forked"
"prefix"	"610"	"59"	"Serrated"
"prefix"	"611"	"16"	"Jagged"
"prefix"	"612"	"44"	"Forked"
"prefix"	"613"	"73"	"Jagged"
"prefix"	"614"	"6"	"Snowflake"
"prefix"	"615"	"11"	"Shivering"
"prefix"	"616"	"22"	"Boreal"
"prefix"	"617"	"38"	"Hibernal"
"prefix"	"618"	"13"	"Snowflake"
"prefix"	"619"	"21"	"Shivering"
"prefix"	"620"	"41"	"Boreal"
"prefix"	"621"	"61"	"Hibernal"
"prefix"	"622"	"20"	"Snowflake"
"prefix"	"623"	"34"	"Shivering"
"prefix"	"624"	"58"	"Boreal"
"prefix"	"625"	"83"	"Hibernal"
"prefix"	"626"	"3"	"Ember"
"prefix"	"627"	"11"	"Smoldering"
"prefix"	"628"	"21"	"Smoking"
"prefix"	"629"	"35"	"Flaming"
"prefix"	"630"	"9"	"Ember"
"prefix"	"631"	"20"	"Smoldering"
"prefix"	"632"	"39"	"Smoking"
"prefix"	"633"	"59"	"Flaming"
"prefix"	"634"	"15"	"Ember"
"prefix"	"635"	"32"	"Smoldering"
"prefix"	"636"	"56"	"Smoking"
"prefix"	"637"	"81"	"Flaming"
"prefix"	"638"	"5"	"Static"
"prefix"	"639"	"10"	"Glowing"
"prefix"	"640"	"21"	"Arcing"
"prefix"	"641"	"36"	"Shocking"
"prefix"	"642"	"10"	"Static"
"prefix"	"643"	"20"	"Glowing"
"prefix"	"644"	"40"	"Arcing"
"prefix"	"645"	"60"	"Shocking"
"prefix"	"646"	"17"	"Static"
"prefix"	"647"	"33"	"Glowing"
"prefix"	"648"	"57"	"Arcing"
"prefix"	"649"	"82"	"Shocking"
"prefix"	"650"	"1"	"Septic"
"prefix"	"651"	"9"	"Envenomed"
"prefix"	"652"	"20"	"Toxic"
"prefix"	"653"	"34"	"Pestilent"
"prefix"	"654"	"6"	"Septic"
"prefix"	"655"	"19"	"Envenomed"
"prefix"	"656"	"38"	"Toxic"
"prefix"	"657"	"58"	"Pestilent"
"prefix"	"658"	"13"	"Septic"
"prefix"	"659"	"31"	"Envenomed"
"prefix"	"660"	"55"	"Toxic"
"prefix"	"661"	"80"	"Pestilent"
"prefix"	"662"	"1"	"Tireless"
"prefix"	"663"	"1"	"Lizard's"
"prefix"	"664"	"1"	"Azure"
"prefix"	"665"	"1"	"Crimson"
"prefix"	"666"	"1"	"Tangerine"
"prefix"	"667"	"1"	"Beryl"
"prefix"	"668"	"43"	"Godly"
"prefix"	"669"	"48"	"Cruel"
"prefix"	"670"	"0"	"Virulent"
"prefix"	"671"	"0"	"Virulent"
"prefix"	"672"	"0"	"Virulent"
"prefix"	"673"	"0"	"Virulent"
"prefix"	"674"	"0"	"Virulent"
"prefix"	"675"	"0"	"Incendiary"
"prefix"	"676"	"0"	"Incendiary"
"prefix"	"677"	"0"	"Incendiary"
"prefix"	"678"	"0"	"Incendiary"
"prefix"	"679"	"0"	"Incendiary"
"prefix"	"680"	"0"	"Gelid"
"prefix"	"681"	"0"	"Gelid"
"prefix"	"682"	"0"	"Gelid"
"prefix"	"683"	"0"	"Gelid"
"prefix"	"684"	"0"	"Gelid"
"prefix"	"685"	"0"	"Magnetic"
"prefix"	"686"	"0"	"Magnetic"
"prefix"	"687"	"0"	"Magnetic"
"prefix"	"688"	"0"	"Magnetic"
"prefix"	"689"	"0"	"Magnetic"
"prefix"	"690"	"0"	"Mystical"
"prefix"	"691"	"0"	"Mystical"
"prefix"	"692"	"0"	"Mystical"
"prefix"	"693"	"0"	"Mystical"
"prefix"	"694"	"0"	"Mystical"
"prefix"	"695"	"0"	"Breaching"
"prefix"	"696"	"0"	"Breaching"
"prefix"	"697"	"0"	"Breaching"
"prefix"	"698"	"0"	"Breaching"
"prefix"	"699"	"0"	"Breaching"
"prefix"	"700"	"0"	"Chaotic"
"prefix"	"701"	"0"	"Sullied"
"prefix"	"702"	"0"	"Fiendish"
"prefix"	"703"	"0"	"Chaotic"
"prefix"	"704"	"0"	"Erratic"
"prefix"	"705"	"0"	"Torrid"
"prefix"	"706"	"0"	"Sullied"
"prefix"	"707"	"0"	"Tainted"
"prefix"	"708"	"0"	"Forbidden"
"prefix"	"709"	"0"	"Fiendish"
"prefix"	"710"	"0"	"Dreadful"
"prefix"	"711"	"0"	"Malevolent"
"prefix"	"712"	"0"	"Devil's"
"prefix"	"713"	"0"	"Arch-Devil's"
"prefix"	"714"	"0"	"Devil's"
"prefix"	"715"	"0"	"Arch-Devil's"
"prefix"	"716"	"0"	"Virulent"
"prefix"	"717"	"0"	"Incendiary"
"prefix"	"718"	"0"	"Gelid"
"prefix"	"719"	"0"	"Magnetic"
"prefix"	"720"	"0"	"Mystical"
"prefix"	"721"	"0"	"Breaching"
"suffix"	"0"	"5"	"of Health"
"suffix"	"1"	"13"	"of Protection"
"suffix"	"2"	"19"	"of Absorption"
"suffix"	"3"	"26"	"of Life"
"suffix"	"4"	"0"	""
"suffix"	"5"	"5"	"of Warding"
"suffix"	"6"	"13"	"of the Sentinel"
"suffix"	"7"	"19"	"of Guarding"
"suffix"	"8"	"26"	"of Negation"
"suffix"	"9"	"0"	""
"suffix"	"10"	"18"	"of Piercing"
"suffix"	"11"	"12"	"of Bashing"
"suffix"	"12"	"4"	"of Puncturing"
"suffix"	"13"	"10"	"of Thorns"
"suffix"	"14"	"15"	"of Spikes"
"suffix"	"15"	"1"	"of Readiness"
"suffix"	"16"	"6"	"of Alacrity"
"suffix"	"17"	"14"	"of Swiftness"
"suffix"	"18"	"18"	"of Quickness"
"suffix"	"19"	"1"	"of Blocking"
"suffix"	"20"	"8"	"of Deflecting"
"suffix"	"21"	"3"	"of the Apprentice"
"suffix"	"22"	"12"	"of the Magus"
"suffix"	"23"	"3"	"of Frost"
"suffix"	"24"	"13"	"of the Glacier"
"suffix"	"25"	"41"	"of Frost"
"suffix"	"26"	"7"	"of Warmth"
"suffix"	"27"	"3"	"of Flame"
"suffix"	"28"	"11"	"of Fire"
"suffix"	"29"	"18"	"of Burning"
"suffix"	"30"	"30"	"of Flame"
"suffix"	"31"	"3"	"of Shock"
"suffix"	"32"	"11"	"of Lightning"
"suffix"	"33"	"18"	"of Thunder"
"suffix"	"34"	"37"	"of Shock"
"suffix"	"35"	"1"	"of Craftsmanship"
"suffix"	"36"	"3"	"of Quality"
"suffix"	"37"	"5"	"of Maiming"
"suffix"	"38"	"8"	"of Slaying"
"suffix"	"39"	"10"	"of Gore"
"suffix"	"40"	"14"	"of Carnage"
"suffix"	"41"	"18"	"of Slaughter"
"suffix"	"42"	"31"	"of Maiming"
"suffix"	"43"	"1"	"of Worth"
"suffix"	"44"	"4"	"of Measure"
"suffix"	"45"	"9"	"of Excellence"
"suffix"	"46"	"13"	"of Performance"
"suffix"	"47"	"27"	"of Measure"
"suffix"	"48"	"3"	"of Blight"
"suffix"	"49"	"11"	"of Venom"
"suffix"	"50"	"18"	"of Pestilence"
"suffix"	"51"	"33"	"of Blight"
"suffix"	"52"	"3"	"of Dexterity"
"suffix"	"53"	"3"	"of Dexterity"
"suffix"	"54"	"7"	"of Skill"
"suffix"	"55"	"33"	"of Skill"
"suffix"	"56"	"13"	"of Accuracy"
"suffix"	"57"	"16"	"of Precision"
"suffix"	"58"	"45"	"of Precision"
"suffix"	"59"	"22"	"of Perfection"
"suffix"	"60"	"3"	"of Balance"
"suffix"	"61"	"6"	"of Stability"
"suffix"	"62"	"0"	""
"suffix"	"63"	"7"	"of Regeneration"
"suffix"	"64"	"30"	"of Regeneration"
"suffix"	"65"	"52"	"of Regeneration"
"suffix"	"66"	"12"	"of Regrowth"
"suffix"	"67"	"41"	"of Regrowth"
"suffix"	"68"	"6"	"of Vileness"
"suffix"	"69"	"0"	""
"suffix"	"70"	"1"	"of Greed"
"suffix"	"71"	"12"	"of Wealth"
"suffix"	"72"	"9"	"of Chance"
"suffix"	"73"	"12"	"of Fortune"
"suffix"	"74"	"3"	"of Energy"
"suffix"	"75"	"3"	"of Energy"
"suffix"	"76"	"7"	"of the Mind"
"suffix"	"77"	"13"	"of Brilliance"
"suffix"	"78"	"16"	"of Sorcery"
"suffix"	"79"	"22"	"of Wizardry"
"suffix"	"80"	"6"	"of the Bear"
"suffix"	"81"	"4"	"of Light"
"suffix"	"82"	"11"	"of Radiance"
"suffix"	"83"	"12"	"of the Sun"
"suffix"	"84"	"17"	"of Life"
"suffix"	"85"	"2"	"of the Jackal"
"suffix"	"86"	"4"	"of the Fox"
"suffix"	"87"	"10"	"of the Wolf"
"suffix"	"88"	"33"	"of the Wolf"
"suffix"	"89"	"15"	"of the Tiger"
"suffix"	"90"	"18"	"of the Mammoth"
"suffix"	"91"	"45"	"of the Mammoth"
"suffix"	"92"	"22"	"of the Colosuss"
"suffix"	"93"	"4"	"of the Leech"
"suffix"	"94"	"15"	"of the Locust"
"suffix"	"95"	"4"	"of the Bat"
"suffix"	"96"	"15"	"of the Vampire"
"suffix"	"97"	"18"	"of Defiance"
"suffix"	"98"	"13"	"of Amelioration"
"suffix"	"99"	"5"	"of Remedy"
"suffix"	"100"	"0"	""
"suffix"	"101"	"18"	"of Simplicity"
"suffix"	"102"	"11"	"of Ease"
"suffix"	"103"	"0"	""
"suffix"	"104"	"3"	"of Strength"
"suffix"	"105"	"7"	"of Might"
"suffix"	"106"	"13"	"of the Ox"
"suffix"	"107"	"35"	"of the Ox"
"suffix"	"108"	"16"	"of the Giant"
"suffix"	"109"	"46"	"of the Giant"
"suffix"	"110"	"22"	"of the Titan"
"suffix"	"111"	"1"	"of Pacing"
"suffix"	"112"	"9"	"of Haste"
"suffix"	"113"	"16"	"of Speed"
"suffix"	"115"	"5"	"of Health"
"suffix"	"116"	"13"	"of Protection"
"suffix"	"117"	"19"	"of Absorption"
"suffix"	"118"	"26"	"of Life"
"suffix"	"119"	"37"	"of Life Everlasting"
"suffix"	"120"	"18"	"of Protection"
"suffix"	"121"	"24"	"of Absorption"
"suffix"	"122"	"33"	"of Life"
"suffix"	"123"	"43"	"of Anima"
"suffix"	"124"	"5"	"of Warding"
"suffix"	"125"	"12"	"of the Sentinel"
"suffix"	"126"	"19"	"of Guarding"
"suffix"	"127"	"35"	"of Negation"
"suffix"	"128"	"18"	"of the Sentinel"
"suffix"	"129"	"24"	"of Guarding"
"suffix"	"130"	"33"	"of Negation"
"suffix"	"131"	"8"	"of Coolness"
"suffix"	"132"	"14"	"of Incombustibility"
"suffix"	"133"	"21"	"of Amianthus"
"suffix"	"134"	"30"	"of Fire Quenching"
"suffix"	"135"	"9"	"of Coolness"
"suffix"	"136"	"16"	"of Incombustibility"
"suffix"	"137"	"25"	"of Amianthus"
"suffix"	"138"	"38"	"of Fire Quenching"
"suffix"	"139"	"17"	"of Faith"
"suffix"	"140"	"8"	"of Resistance"
"suffix"	"141"	"14"	"of Insulation"
"suffix"	"142"	"21"	"of Grounding"
"suffix"	"143"	"30"	"of the Dynamo"
"suffix"	"144"	"9"	"of Resistance"
"suffix"	"145"	"16"	"of Insulation"
"suffix"	"146"	"25"	"of Grounding"
"suffix"	"147"	"38"	"of the Dynamo"
"suffix"	"148"	"16"	"of Stoicism"
"suffix"	"149"	"8"	"of Warming"
"suffix"	"150"	"14"	"of Thawing"
"suffix"	"151"	"21"	"of the Dunes"
"suffix"	"152"	"30"	"of the Sirocco"
"suffix"	"153"	"9"	"of Warming"
"suffix"	"154"	"16"	"of Thawing"
"suffix"	"155"	"25"	"of the Dunes"
"suffix"	"156"	"38"	"of the Sirocco"
"suffix"	"157"	"17"	"of Desire"
"suffix"	"158"	"18"	"of Piercing"
"suffix"	"159"	"12"	"of Bashing"
"suffix"	"160"	"4"	"of Puncturing"
"suffix"	"161"	"10"	"of Thorns"
"suffix"	"162"	"15"	"of Spikes"
"suffix"	"163"	"26"	"of Razors"
"suffix"	"164"	"39"	"of Swords"
"suffix"	"165"	"29"	"of Malice"
"suffix"	"166"	"3"	"of Readiness"
"suffix"	"167"	"17"	"of Alacrity"
"suffix"	"168"	"26"	"of Swiftness"
"suffix"	"169"	"38"	"of Quickness"
"suffix"	"170"	"35"	"of Alacrity"
"suffix"	"171"	"31"	"of Fervor"
"suffix"	"172"	"1"	"of Blocking"
"suffix"	"173"	"8"	"of Deflecting"
"suffix"	"174"	"3"	"of the Apprentice"
"suffix"	"175"	"21"	"of the Magus"
"suffix"	"176"	"3"	"of Frost"
"suffix"	"177"	"9"	"of the Icicle"
"suffix"	"178"	"20"	"of the Glacier"
"suffix"	"179"	"37"	"of Winter"
"suffix"	"180"	"41"	"of Frost"
"suffix"	"181"	"12"	"of Frigidity"
"suffix"	"182"	"7"	"of Warmth"
"suffix"	"183"	"3"	"of Flame"
"suffix"	"184"	"11"	"of Fire"
"suffix"	"185"	"18"	"of Burning"
"suffix"	"186"	"35"	"of Incineration"
"suffix"	"187"	"30"	"of Flame"
"suffix"	"188"	"11"	"of Passion"
"suffix"	"189"	"3"	"of Shock"
"suffix"	"190"	"11"	"of Lightning"
"suffix"	"191"	"18"	"of Thunder"
"suffix"	"192"	"26"	"of Storms"
"suffix"	"193"	"37"	"of Shock"
"suffix"	"194"	"11"	"of Ennui"
"suffix"	"195"	"1"	"of Craftsmanship"
"suffix"	"196"	"3"	"of Quality"
"suffix"	"197"	"5"	"of Maiming"
"suffix"	"198"	"8"	"of Slaying"
"suffix"	"199"	"10"	"of Gore"
"suffix"	"200"	"14"	"of Carnage"
"suffix"	"201"	"18"	"of Slaughter"
"suffix"	"202"	"27"	"of Butchery"
"suffix"	"203"	"37"	"of Evisceration"
"suffix"	"204"	"34"	"of Maiming"
"suffix"	"205"	"1"	"of Craftsmanship"
"suffix"	"206"	"6"	"of Craftsmanship"
"suffix"	"207"	"11"	"of Craftsmanship"
"suffix"	"208"	"17"	"of Quality"
"suffix"	"209"	"22"	"of Quality"
"suffix"	"210"	"29"	"of Maiming"
"suffix"	"211"	"37"	"of Maiming"
"suffix"	"212"	"6"	"of Craftsmanship"
"suffix"	"213"	"13"	"of Craftsmanship"
"suffix"	"214"	"21"	"of Quality"
"suffix"	"215"	"30"	"of Quality"
"suffix"	"216"	"40"	"of Maiming"
"suffix"	"217"	"15"	"of Craftsmanship"
"suffix"	"218"	"28"	"of Quality"
"suffix"	"219"	"43"	"of Maiming"
"suffix"	"220"	"3"	"of Ire"
"suffix"	"221"	"8"	"of Wrath"
"suffix"	"222"	"18"	"of Carnage"
"suffix"	"223"	"1"	"of Worth"
"suffix"	"224"	"9"	"of Measure"
"suffix"	"225"	"18"	"of Excellence"
"suffix"	"226"	"40"	"of Performance"
"suffix"	"227"	"68"	"of Transcendence"
"suffix"	"228"	"11"	"of Worth"
"suffix"	"229"	"29"	"of Measure"
"suffix"	"230"	"51"	"of Excellence"
"suffix"	"231"	"73"	"of Performance"
"suffix"	"232"	"3"	"of Joyfulness"
"suffix"	"233"	"37"	"of Bliss"
"suffix"	"234"	"3"	"of Blight"
"suffix"	"235"	"11"	"of Venom"
"suffix"	"236"	"18"	"of Pestilence"
"suffix"	"237"	"25"	"of Anthrax"
"suffix"	"238"	"33"	"of Blight"
"suffix"	"239"	"1"	"of Envy"
"suffix"	"240"	"1"	"of Dexterity"
"suffix"	"241"	"8"	"of Skill"
"suffix"	"242"	"20"	"of Accuracy"
"suffix"	"243"	"35"	"of Precision"
"suffix"	"244"	"51"	"of Perfection"
"suffix"	"245"	"64"	"of Nirvana"
"suffix"	"246"	"4"	"of Dexterity"
"suffix"	"247"	"16"	"of Skill"
"suffix"	"248"	"31"	"of Accuracy"
"suffix"	"249"	"48"	"of Precision"
"suffix"	"250"	"67"	"of Perfection"
"suffix"	"251"	"9"	"of Dexterity"
"suffix"	"252"	"26"	"of Skill"
"suffix"	"253"	"38"	"of Accuracy"
"suffix"	"254"	"52"	"of Precision"
"suffix"	"255"	"1"	"of Dexterity"
"suffix"	"256"	"2"	"of Dexterity"
"suffix"	"257"	"5"	"of Dexterity"
"suffix"	"258"	"10"	"of Dexterity"
"suffix"	"259"	"13"	"of Dexterity"
"suffix"	"260"	"16"	"of Dexterity"
"suffix"	"261"	"5"	"of Daring"
"suffix"	"262"	"3"	"of Balance"
"suffix"	"263"	"6"	"of Equilibrium"
"suffix"	"264"	"13"	"of Stability"
"suffix"	"265"	"1"	"of Balance"
"suffix"	"266"	"14"	"of Balance"
"suffix"	"267"	"29"	"of Balance"
"suffix"	"268"	"36"	"of Truth"
"suffix"	"269"	"7"	"of Regeneration"
"suffix"	"270"	"30"	"of Regeneration"
"suffix"	"271"	"52"	"of Regeneration"
"suffix"	"272"	"12"	"of Regrowth"
"suffix"	"273"	"41"	"of Regrowth"
"suffix"	"274"	"30"	"of Revivification"
"suffix"	"275"	"35"	"of Honor"
"suffix"	"276"	"6"	"of Vileness"
"suffix"	"277"	"1"	"of Greed"
"suffix"	"278"	"12"	"of Wealth"
"suffix"	"279"	"1"	"of Greed"
"suffix"	"280"	"5"	"of Greed"
"suffix"	"281"	"14"	"of Greed"
"suffix"	"282"	"5"	"of Greed"
"suffix"	"283"	"15"	"of Greed"
"suffix"	"284"	"15"	"of Greed"
"suffix"	"285"	"1"	"of Avarice"
"suffix"	"286"	"9"	"of Chance"
"suffix"	"287"	"12"	"of Fortune"
"suffix"	"288"	"31"	"of Fortune"
"suffix"	"289"	"19"	"of Luck"
"suffix"	"290"	"18"	"of Fortune"
"suffix"	"291"	"33"	"of Good Luck"
"suffix"	"292"	"19"	"of Prosperity"
"suffix"	"293"	"1"	"of Energy"
"suffix"	"294"	"3"	"of the Mind"
"suffix"	"295"	"9"	"of Brilliance"
"suffix"	"296"	"16"	"of Sorcery"
"suffix"	"297"	"23"	"of Wizardry"
"suffix"	"298"	"33"	"of Enlightenment"
"suffix"	"299"	"5"	"of Energy"
"suffix"	"300"	"9"	"of the Mind"
"suffix"	"301"	"16"	"of Brilliance"
"suffix"	"302"	"23"	"of Sorcery"
"suffix"	"303"	"33"	"of Wizardry"
"suffix"	"304"	"3"	"of Energy"
"suffix"	"305"	"7"	"of the Mind"
"suffix"	"306"	"12"	"of Brilliance"
"suffix"	"307"	"21"	"of Sorcery"
"suffix"	"308"	"6"	"of Knowledge"
"suffix"	"309"	"6"	"of the Bear"
"suffix"	"310"	"4"	"of Light"
"suffix"	"311"	"11"	"of Radiance"
"suffix"	"312"	"12"	"of the Sun"
"suffix"	"313"	"1"	"of the Jackal"
"suffix"	"314"	"5"	"of the Fox"
"suffix"	"315"	"11"	"of the Wolf"
"suffix"	"316"	"15"	"of the Tiger"
"suffix"	"317"	"18"	"of the Mammoth"
"suffix"	"318"	"22"	"of the Colosuss"
"suffix"	"319"	"30"	"of the Squid"
"suffix"	"320"	"37"	"of the Whale"
"suffix"	"321"	"3"	"of the Jackal"
"suffix"	"322"	"8"	"of the Fox"
"suffix"	"323"	"20"	"of the Wolf"
"suffix"	"324"	"35"	"of the Tiger"
"suffix"	"325"	"51"	"of the Mammoth"
"suffix"	"326"	"67"	"of the Colosuss"
"suffix"	"327"	"6"	"of the Jackal"
"suffix"	"328"	"13"	"of the Fox"
"suffix"	"329"	"26"	"of the Wolf"
"suffix"	"330"	"43"	"of the Tiger"
"suffix"	"331"	"60"	"of the Mammoth"
"suffix"	"332"	"1"	"of Life"
"suffix"	"333"	"6"	"of Life"
"suffix"	"334"	"14"	"of Life"
"suffix"	"335"	"23"	"of Substinence"
"suffix"	"336"	"37"	"of Substinence"
"suffix"	"337"	"53"	"of Substinence"
"suffix"	"338"	"69"	"of Vita"
"suffix"	"339"	"83"	"of Vita"
"suffix"	"340"	"97"	"of Vita"
"suffix"	"341"	"9"	"of Life"
"suffix"	"342"	"9"	"of Life"
"suffix"	"343"	"19"	"of Substinence"
"suffix"	"344"	"34"	"of Substinence"
"suffix"	"345"	"50"	"of Vita"
"suffix"	"346"	"66"	"of Vita"
"suffix"	"347"	"14"	"of Life"
"suffix"	"348"	"17"	"of Substinence"
"suffix"	"349"	"39"	"of Vita"
"suffix"	"350"	"1"	"of Spirit"
"suffix"	"351"	"37"	"of Hope"
"suffix"	"352"	"4"	"of the Leech"
"suffix"	"353"	"15"	"of the Locust"
"suffix"	"354"	"43"	"of the Lamprey"
"suffix"	"355"	"10"	"of the Leech"
"suffix"	"356"	"35"	"of the Locust"
"suffix"	"357"	"65"	"of the Lamprey"
"suffix"	"358"	"26"	"of the Leech"
"suffix"	"359"	"4"	"of the Bat"
"suffix"	"360"	"16"	"of the Wraith"
"suffix"	"361"	"48"	"of the Vampire"
"suffix"	"362"	"11"	"of the Bat"
"suffix"	"363"	"40"	"of the Wraith"
"suffix"	"364"	"66"	"of the Vampire"
"suffix"	"365"	"27"	"of the Bat"
"suffix"	"366"	"18"	"of Defiance"
"suffix"	"367"	"13"	"of Amelioration"
"suffix"	"368"	"5"	"of Remedy"
"suffix"	"369"	"18"	"of Simplicity"
"suffix"	"370"	"11"	"of Ease"
"suffix"	"371"	"1"	"of Freedom"
"suffix"	"372"	"1"	"of Strength"
"suffix"	"373"	"8"	"of Might"
"suffix"	"374"	"19"	"of the Ox"
"suffix"	"375"	"34"	"of the Giant"
"suffix"	"376"	"50"	"of the Titan"
"suffix"	"377"	"63"	"of Atlus"
"suffix"	"378"	"3"	"of Strength"
"suffix"	"379"	"15"	"of Might"
"suffix"	"380"	"30"	"of the Ox"
"suffix"	"381"	"47"	"of the Giant"
"suffix"	"382"	"66"	"of the Titan"
"suffix"	"383"	"8"	"of Strength"
"suffix"	"384"	"25"	"of Might"
"suffix"	"385"	"37"	"of the Ox"
"suffix"	"386"	"51"	"of the Giant"
"suffix"	"387"	"1"	"of Strength"
"suffix"	"388"	"2"	"of Strength"
"suffix"	"389"	"5"	"of Strength"
"suffix"	"390"	"10"	"of Strength"
"suffix"	"391"	"13"	"of Strength"
"suffix"	"392"	"16"	"of Strength"
"suffix"	"393"	"13"	"of Virility"
"suffix"	"394"	"8"	"of Pacing"
"suffix"	"395"	"16"	"of Haste"
"suffix"	"396"	"29"	"of Speed"
"suffix"	"397"	"57"	"of Traveling"
"suffix"	"398"	"43"	"of Acceleration"
"suffix"	"399"	"14"	"of Inertia"
"suffix"	"400"	"18"	"of Inertia"
"suffix"	"401"	"27"	"of Inertia"
"suffix"	"402"	"1"	"of Self-Repair"
"suffix"	"403"	"12"	"of Fast Repair"
"suffix"	"404"	"42"	"of Ages"
"suffix"	"405"	"3"	"of Replenishing"
"suffix"	"406"	"18"	"of Propogation"
"suffix"	"407"	"1"	"of the Kraken"
"suffix"	"408"	"1"	"of Memory"
"suffix"	"409"	"7"	"of the Elephant"
"suffix"	"410"	"1"	"of Power"
"suffix"	"411"	"1"	"of Grace"
"suffix"	"412"	"1"	"of Grace and Power"
"suffix"	"413"	"1"	"of the Yeti"
"suffix"	"414"	"1"	"of the Phoenix"
"suffix"	"415"	"1"	"of the Efreeti"
"suffix"	"416"	"1"	"of the Cobra"
"suffix"	"417"	"1"	"of the Elements"
"suffix"	"418"	"12"	"of Firebolts"
"suffix"	"419"	"4"	"of Firebolts"
"suffix"	"420"	"15"	"of Firebolts"
"suffix"	"421"	"4"	"of Charged Shield"
"suffix"	"422"	"12"	"of Charged Shield"
"suffix"	"423"	"19"	"of Charged Shield"
"suffix"	"424"	"4"	"of Icebolt"
"suffix"	"425"	"0"	"of Frozen Armor"
"suffix"	"426"	"0"	"of Static Field"
"suffix"	"427"	"0"	"of Telekinesis"
"suffix"	"428"	"9"	"of Frost Shield"
"suffix"	"429"	"0"	"of Ice Blast"
"suffix"	"430"	"0"	"of Blaze"
"suffix"	"431"	"0"	"of Fire Ball"
"suffix"	"432"	"13"	"of Nova"
"suffix"	"433"	"21"	"of Nova"
"suffix"	"434"	"13"	"of Nova Shield"
"suffix"	"435"	"21"	"of Nova Shield"
"suffix"	"436"	"28"	"of Nova Shield"
"suffix"	"437"	"13"	"of Lightning"
"suffix"	"438"	"18"	"of Lightning"
"suffix"	"439"	"0"	"of Shiver Armor"
"suffix"	"440"	"0"	"of Fire Wall"
"suffix"	"441"	"0"	"of Enchant"
"suffix"	"442"	"18"	"of Chain Lightning"
"suffix"	"443"	"26"	"of Chain Lightning"
"suffix"	"444"	"33"	"of Chain Lightning"
"suffix"	"445"	"18"	"of Teleport Shield"
"suffix"	"446"	"26"	"of Teleport Shield"
"suffix"	"447"	"33"	"of Teleport Shield"
"suffix"	"448"	"0"	"of Glacial Spike"
"suffix"	"449"	"0"	"of Meteor"
"suffix"	"450"	"0"	"of Thunder Storm"
"suffix"	"451"	"0"	"of Energy Shield"
"suffix"	"452"	"0"	"of Blizzard"
"suffix"	"453"	"0"	"of Chilling Armor"
"suffix"	"454"	"30"	"of Hydra Shield"
"suffix"	"455"	"0"	"of Frozen Orb"
"suffix"	"456"	"22"	"of Dawn"
"suffix"	"457"	"22"	"of Sunlight"
"suffix"	"458"	"11"	"of Magic Arrows"
"suffix"	"459"	"28"	"of Magic Arrows"
"suffix"	"460"	"12"	"of Fire Arrows"
"suffix"	"461"	"32"	"of Fire Arrows"
"suffix"	"462"	"14"	"of Inner Sight"
"suffix"	"463"	"42"	"of Inner Sight"
"suffix"	"464"	"18"	"of Jabbing"
"suffix"	"465"	"42"	"of Jabbing"
"suffix"	"466"	"16"	"of Cold Arrows"
"suffix"	"467"	"39"	"of Cold Arrows"
"suffix"	"468"	"19"	"of Multiple Shot"
"suffix"	"469"	"55"	"of Multiple Shot"
"suffix"	"470"	"13"	"of Power Strike"
"suffix"	"471"	"47"	"of Power Strike"
"suffix"	"472"	"18"	"of Poison Jab"
"suffix"	"473"	"59"	"of Poison Jab"
"suffix"	"474"	"26"	"of Exploding Arrows"
"suffix"	"475"	"61"	"of Exploding Arrows"
"suffix"	"476"	"27"	"of Slow Missiles"
"suffix"	"477"	"60"	"of Slow Missiles"
"suffix"	"478"	"18"	"of Impaling Strike"
"suffix"	"479"	"51"	"of Impaling Strike"
"suffix"	"480"	"18"	"of Lightning Javelin"
"suffix"	"481"	"62"	"of Lightning Javelin"
"suffix"	"482"	"28"	"of Ice Arrows"
"suffix"	"483"	"64"	"of Ice Arrows"
"suffix"	"484"	"26"	"of Guided Arrows"
"suffix"	"485"	"61"	"of Guided Arrows"
"suffix"	"486"	"25"	"of Charged Strike"
"suffix"	"487"	"60"	"of Charged Strike"
"suffix"	"488"	"27"	"of Plague Jab"
"suffix"	"489"	"63"	"of Plague Jab"
"suffix"	"490"	"36"	"of Immolating Arrows"
"suffix"	"491"	"77"	"of Immolating Arrows"
"suffix"	"492"	"35"	"of Fending"
"suffix"	"493"	"75"	"of Fending"
"suffix"	"494"	"42"	"of Freezing Arrows"
"suffix"	"495"	"86"	"of Freezing Arrows"
"suffix"	"496"	"39"	"of Lightning Strike"
"suffix"	"497"	"82"	"of Lightning Strike"
"suffix"	"498"	"41"	"of Lightning Fury"
"suffix"	"499"	"84"	"of Lightning Fury"
"suffix"	"500"	"7"	"of Fire Bolts"
"suffix"	"501"	"14"	"of Fire Bolts"
"suffix"	"502"	"7"	"of Charged Bolts"
"suffix"	"503"	"14"	"of Charged Bolts"
"suffix"	"504"	"7"	"of Ice Bolts"
"suffix"	"505"	"14"	"of Ice Bolts"
"suffix"	"506"	"7"	"of Frozen Armor"
"suffix"	"507"	"14"	"of Frozen Armor"
"suffix"	"508"	"12"	"of Static Field"
"suffix"	"509"	"24"	"of Static Field"
"suffix"	"510"	"12"	"of Telekinesis"
"suffix"	"511"	"24"	"of Telekinesis"
"suffix"	"512"	"12"	"of Frost Novas"
"suffix"	"513"	"24"	"of Frost Novas"
"suffix"	"514"	"12"	"of Ice Blasts"
"suffix"	"515"	"24"	"of Ice Blasts"
"suffix"	"516"	"18"	"of Blazing"
"suffix"	"517"	"36"	"of Blazing"
"suffix"	"518"	"18"	"of Fire Balls"
"suffix"	"519"	"36"	"of Fire Balls"
"suffix"	"520"	"18"	"of Novas"
"suffix"	"521"	"36"	"of Novas"
"suffix"	"522"	"18"	"of Lightning"
"suffix"	"523"	"36"	"of Lightning"
"suffix"	"524"	"18"	"of Shiver Armor"
"suffix"	"525"	"36"	"of Shiver Armor"
"suffix"	"526"	"24"	"of Fire Walls"
"suffix"	"527"	"48"	"of Fire Walls"
"suffix"	"528"	"24"	"of Enchantment"
"suffix"	"529"	"48"	"of Enchantment"
"suffix"	"530"	"24"	"of Chain Lightning"
"suffix"	"531"	"48"	"of Chain Lightning"
"suffix"	"532"	"24"	"of Teleportation"
"suffix"	"533"	"48"	"of Teleportation"
"suffix"	"534"	"24"	"of Glacial Spikes"
"suffix"	"535"	"48"	"of Glacial Spikes"
"suffix"	"536"	"30"	"of Meteors"
"suffix"	"537"	"60"	"of Meteors"
"suffix"	"538"	"30"	"of Thunder Storm"
"suffix"	"539"	"60"	"of Thunder Storm"
"suffix"	"540"	"30"	"of Energy Shield"
"suffix"	"541"	"60"	"of Energy Shield"
"suffix"	"542"	"30"	"of Blizzards"
"suffix"	"543"	"60"	"of Blizzards"
"suffix"	"544"	"30"	"of Chilling Armor"
"suffix"	"545"	"60"	"of Chilling Armor"
"suffix"	"546"	"36"	"of Hydras"
"suffix"	"547"	"72"	"of Hydras"
"suffix"	"548"	"36"	"of Frozen Orbs"
"suffix"	"549"	"72"	"of Frozen Orbs"
"suffix"	"550"	"7"	"of Amplify Damage"
"suffix"	"551"	"14"	"of Amplify Damage"
"suffix"	"552"	"7"	"of Teeth"
"suffix"	"553"	"14"	"of Teeth"
"suffix"	"554"	"7"	"of Bone Armor"
"suffix"	"555"	"14"	"of Bone Armor"
"suffix"	"556"	"7"	"of Raise Skeletons"
"suffix"	"557"	"14"	"of Raise Skeletons"
"suffix"	"558"	"12"	"of Dim Vision"
"suffix"	"559"	"24"	"of Dim Vision"
"suffix"	"560"	"12"	"of Weaken"
"suffix"	"561"	"24"	"of Weaken"
"suffix"	"562"	"12"	"of Poison Dagger"
"suffix"	"563"	"24"	"of Poison Dagger"
"suffix"	"564"	"12"	"of Corpse Explosions"
"suffix"	"565"	"24"	"of Corpse Explosions"
"suffix"	"566"	"12"	"of Clay Golem Summoning"
"suffix"	"567"	"24"	"of Clay Golem Summoning"
"suffix"	"568"	"18"	"of Iron Maiden"
"suffix"	"569"	"36"	"of Iron Maiden"
"suffix"	"570"	"18"	"of Terror"
"suffix"	"571"	"36"	"of Terror"
"suffix"	"572"	"18"	"of Bone Walls"
"suffix"	"573"	"36"	"of Bone Walls"
"suffix"	"574"	"18"	"of Raise Skeletal Mages"
"suffix"	"575"	"36"	"of Raise Skeletal Mages"
"suffix"	"576"	"24"	"of Confusion"
"suffix"	"577"	"48"	"of Confusion"
"suffix"	"578"	"24"	"of Life Tap"
"suffix"	"579"	"48"	"of Life Tap"
"suffix"	"580"	"24"	"of Poison Explosion"
"suffix"	"581"	"48"	"of Poison Explosion"
"suffix"	"582"	"24"	"of Bone Spears"
"suffix"	"583"	"48"	"of Bone Spears"
"suffix"	"584"	"24"	"of Blood Golem Summoning"
"suffix"	"585"	"48"	"of Blood Golem Summoning"
"suffix"	"586"	"30"	"of Attraction"
"suffix"	"587"	"60"	"of Attraction"
"suffix"	"588"	"30"	"of Decrepification"
"suffix"	"589"	"60"	"of Decrepification"
"suffix"	"590"	"30"	"of Bone Imprisonment"
"suffix"	"591"	"60"	"of Bone Imprisonment"
"suffix"	"592"	"30"	"of Iron Golem Creation"
"suffix"	"593"	"60"	"of Iron Golem Creation"
"suffix"	"594"	"36"	"of Lower Resistance"
"suffix"	"595"	"72"	"of Lower Resistance"
"suffix"	"596"	"36"	"of Poison Novas"
"suffix"	"597"	"72"	"of Poison Novas"
"suffix"	"598"	"36"	"of Bone Spirits"
"suffix"	"599"	"72"	"of Bone Spirits"
"suffix"	"600"	"36"	"of Fire Golem Summoning"
"suffix"	"601"	"72"	"of Fire Golem Summoning"
"suffix"	"602"	"36"	"of Revivification"
"suffix"	"603"	"72"	"of Revivification"
"suffix"	"604"	"7"	"of Sacrifice"
"suffix"	"605"	"14"	"of Sacrifice"
"suffix"	"606"	"12"	"of Holy Bolts"
"suffix"	"607"	"24"	"of Holy Bolts"
"suffix"	"608"	"18"	"of Zeal"
"suffix"	"609"	"36"	"of Zeal"
"suffix"	"610"	"24"	"of Vengeance"
"suffix"	"611"	"48"	"of Vengeance"
"suffix"	"612"	"24"	"of Blessed Hammers"
"suffix"	"613"	"48"	"of Blessed Hammers"
"suffix"	"614"	"30"	"of Conversion"
"suffix"	"615"	"60"	"of Conversion"
"suffix"	"616"	"36"	"of Fist of the Heavens"
"suffix"	"617"	"72"	"of Fist of the Heavens"
"suffix"	"618"	"7"	"of Bashing"
"suffix"	"619"	"14"	"of Bashing"
"suffix"	"620"	"7"	"of Howling"
"suffix"	"621"	"14"	"of Howling"
"suffix"	"622"	"7"	"of Potion Finding"
"suffix"	"623"	"14"	"of Potion Finding"
"suffix"	"624"	"12"	"of Taunting"
"suffix"	"625"	"24"	"of Taunting"
"suffix"	"626"	"12"	"of Shouting"
"suffix"	"627"	"24"	"of Shouting"
"suffix"	"628"	"18"	"of Stunning"
"suffix"	"629"	"36"	"of Stunning"
"suffix"	"630"	"18"	"of Item Finding"
"suffix"	"631"	"36"	"of Item Finding"
"suffix"	"632"	"24"	"of Concentration"
"suffix"	"633"	"48"	"of Concentration"
"suffix"	"634"	"24"	"of Battle Cry"
"suffix"	"635"	"48"	"of Battle Cry"
"suffix"	"636"	"30"	"of Battle Orders"
"suffix"	"637"	"60"	"of Battle Orders"
"suffix"	"638"	"30"	"of Grim Ward"
"suffix"	"639"	"60"	"of Grim Ward"
"suffix"	"640"	"36"	"of War Cry"
"suffix"	"641"	"72"	"of War Cry"
"suffix"	"642"	"36"	"of Battle Command"
"suffix"	"643"	"72"	"of Battle Command"
"suffix"	"644"	"7"	"of Firestorms"
"suffix"	"645"	"14"	"of Firestorms"
"suffix"	"646"	"12"	"of Molten Boulders"
"suffix"	"647"	"24"	"of Molten Boulders"
"suffix"	"648"	"18"	"of Eruption"
"suffix"	"649"	"36"	"of Eruption"
"suffix"	"650"	"18"	"of Cyclone Armor"
"suffix"	"651"	"36"	"of Cyclone Armor"
"suffix"	"652"	"24"	"of Twister"
"suffix"	"653"	"48"	"of Twister"
"suffix"	"654"	"30"	"of Volcano"
"suffix"	"655"	"60"	"of Volcano"
"suffix"	"656"	"30"	"of Tornado"
"suffix"	"657"	"60"	"of Tornado"
"suffix"	"658"	"36"	"of Armageddon"
"suffix"	"659"	"72"	"of Armageddon"
"suffix"	"660"	"36"	"of Hurricane"
"suffix"	"661"	"72"	"of Hurricane"
"suffix"	"662"	"0"	"of Damage Amplification"
"suffix"	"663"	"29"	"of the Icicle"
"suffix"	"664"	"50"	"of the Glacier"
"suffix"	"665"	"28"	"of Fire"
"suffix"	"666"	"49"	"of Burning"
"suffix"	"667"	"28"	"of Lightning"
"suffix"	"668"	"49"	"of Thunder"
"suffix"	"669"	"14"	"of Daring"
"suffix"	"670"	"28"	"of Daring"
"suffix"	"671"	"18"	"of Knowledge"
"suffix"	"672"	"33"	"of Knowledge"
"suffix"	"673"	"25"	"of Virility"
"suffix"	"674"	"42"	"of Virility"
"suffix"	"675"	"15"	"of Readiness"
"suffix"	"676"	"1"	"of Craftsmanship"
"suffix"	"677"	"33"	"of Quality"
"suffix"	"678"	"63"	"of Maiming"
"suffix"	"679"	"19"	"of Craftsmanship"
"suffix"	"680"	"48"	"of Quality"
"suffix"	"681"	"77"	"of Craftsmanship"
"suffix"	"682"	"1"	"of Blight"
"suffix"	"683"	"4"	"of Venom"
"suffix"	"684"	"10"	"of Pestilence"
"suffix"	"685"	"15"	"of Anthrax"
"suffix"	"686"	"3"	"of Blight"
"suffix"	"687"	"9"	"of Venom"
"suffix"	"688"	"17"	"of Pestilence"
"suffix"	"689"	"25"	"of Anthrax"
"suffix"	"690"	"6"	"of Blight"
"suffix"	"691"	"15"	"of Venom"
"suffix"	"692"	"24"	"of Pestilence"
"suffix"	"693"	"36"	"of Anthrax"
"suffix"	"694"	"3"	"of Frost"
"suffix"	"695"	"6"	"of the Icicle"
"suffix"	"696"	"11"	"of the Glacier"
"suffix"	"697"	"17"	"of Winter"
"suffix"	"698"	"6"	"of Frost"
"suffix"	"699"	"11"	"of the Icicle"
"suffix"	"700"	"18"	"of the Glacier"
"suffix"	"701"	"27"	"of Winter"
"suffix"	"702"	"10"	"of Frost"
"suffix"	"703"	"15"	"of the Icicle"
"suffix"	"704"	"25"	"of the Glacier"
"suffix"	"705"	"38"	"of Winter"
"suffix"	"706"	"2"	"of Flame"
"suffix"	"707"	"6"	"of Fire"
"suffix"	"708"	"10"	"of Burning"
"suffix"	"709"	"16"	"of Incineration"
"suffix"	"710"	"5"	"of Flame"
"suffix"	"711"	"10"	"of Fire"
"suffix"	"712"	"18"	"of Burning"
"suffix"	"713"	"26"	"of Incineration"
"suffix"	"714"	"8"	"of Flame"
"suffix"	"715"	"15"	"of Fire"
"suffix"	"716"	"24"	"of Burning"
"suffix"	"717"	"37"	"of Incineration"
"suffix"	"718"	"3"	"of Shock"
"suffix"	"719"	"5"	"of Lightning"
"suffix"	"720"	"11"	"of Thunder"
"suffix"	"721"	"16"	"of Storms"
"suffix"	"722"	"5"	"of Shock"
"suffix"	"723"	"10"	"of Lightning"
"suffix"	"724"	"18"	"of Thunder"
"suffix"	"725"	"26"	"of Storms"
"suffix"	"726"	"9"	"of Shock"
"suffix"	"727"	"15"	"of Lightning"
"suffix"	"728"	"25"	"of Thunder"
"suffix"	"729"	"37"	"of Storms"
"suffix"	"730"	"1"	"of Dexterity"
"suffix"	"731"	"1"	"of Dexterity"
"suffix"	"732"	"1"	"of Strength"
"suffix"	"733"	"1"	"of Strength"
"suffix"	"734"	"1"	"of Thorns"
"suffix"	"735"	"1"	"of Frost"
"suffix"	"736"	"1"	"of Flame"
"suffix"	"737"	"1"	"of Blight"
"suffix"	"738"	"1"	"of Shock"
"suffix"	"739"	"1"	"of Regeneration"
"suffix"	"740"	"1"	"of Energy"
"suffix"	"741"	"1"	"of Light"
"suffix"	"742"	"20"	"of the Leech"
"suffix"	"743"	"45"	"of the Locust"
"suffix"	"744"	"73"	"of the Lamprey"
"suffix"	"745"	"21"	"of the Bat"
"suffix"	"746"	"46"	"of the Wraith"
"suffix"	"747"	"74"	"of the Vampire"
"suffix"	"748"	"0"	"of Acidity"
"suffix"	"749"	"0"	"of Acidity"
"suffix"	"750"	"0"	"of Acidity"
"suffix"	"751"	"0"	"of Acidity"
"suffix"	"752"	"0"	"of Acidity"
"suffix"	"753"	"0"	"of Kindling"
"suffix"	"754"	"0"	"of Kindling"
"suffix"	"755"	"0"	"of Kindling"
"suffix"	"756"	"0"	"of Kindling"
"suffix"	"757"	"0"	"of Kindling"
"suffix"	"758"	"0"	"of Numbing"
"suffix"	"759"	"0"	"of Numbing"
"suffix"	"760"	"0"	"of Numbing"
"suffix"	"761"	"0"	"of Numbing"
"suffix"	"762"	"0"	"of Numbing"
"suffix"	"763"	"0"	"of Conductivity"
"suffix"	"764"	"0"	"of Conductivity"
"suffix"	"765"	"0"	"of Conductivity"
"suffix"	"766"	"0"	"of Conductivity"
"suffix"	"767"	"0"	"of Conductivity"
"suffix"	"768"	"0"	"of Thaumaturgy"
"suffix"	"769"	"0"	"of Thaumaturgy"
"suffix"	"770"	"0"	"of Thaumaturgy"
"suffix"	"771"	"0"	"of Thaumaturgy"
"suffix"	"772"	"0"	"of Thaumaturgy"
"suffix"	"773"	"0"	"of Force"
"suffix"	"774"	"0"	"of Force"
"suffix"	"775"	"0"	"of Force"
"suffix"	"776"	"0"	"of Force"
"suffix"	"777"	"0"	"of Force"
"suffix"	"778"	"0"	"of Miasma Bolt"
"suffix"	"779"	"0"	"of Miasma Bolt"
"suffix"	"780"	"0"	"of Lethargy"
"suffix"	"781"	"0"	"of Lethargy"
"suffix"	"782"	"0"	"of Rancor"
"suffix"	"783"	"0"	"of Rancor"
"suffix"	"784"	"0"	"of Apocalypse"
"suffix"	"785"	"0"	"of Apocalypse"
